﻿<?xml version="1.0" encoding="utf-8"?><bwFonts xmlns:xsi="http://www.w3.org/2001/XMLSchema-instance" xmlns:xsd="http://www.w3.org/2001/XMLSchema" fontfactoryurl="story_content/FontFactory.swf"><font id="00" name="ArticulateBold Charset1 6owo8UIHFPn"><glyphs><g i="0" c="256" p="%^cQ$vIL$vyI1ivI1ioF$vTA$vfwxeWzxeaDusdDuscGxeYKxe1Ous4OusmRxeLUxe" /><g i="1" c="257" p="#^UGhpUGzoHGSnvG9n5GDmIF5m5FMluEqlDDqlQCqlcCLlBB3mbBCmOA8nBAQnpAwopAeppAfrbBtsZBHtDDHtuEHt6FltKF$s6GqsvGQrHG1rUGeqUGhp^oKBpoKbrSJrskJHtpIyuvHovgGRv2FiwFDiw9CiwVAQvFzlvMytuTxBtoxnsVw8rVwEpVw1opxMmWxvlQyDkLzLjZAhjcCPiDDPi1FPigGhjvHKjpIBkkJslSJKmoK0ooKBp" /><g i="2" c="258" p="#^nG$v%nGeu%kGeuDF5vzEIvwDiw3CiwXAiw6AWvhzxvLySueybuZxftJxjsJxbr%Jx6j%4B6j%4BYp4BGq7BmraB1soBysDB2t3CntvCHtfDHt2EHtCEltaF_swFosTFNr1G_qcGaqcGip%cG6j%zJ6j%zJ$v" /><g i="3" c="259" p="%^Ox$vOxed9Bed9B$v" /><g i="4" c="260" p="#^cGspcGVo2GdoUFwnyFUmcFgmCERl0Eql8DqlkCqlOBQlgBemYASmEAtnwAbopAVopAxppAhqyA0rIALr1BlsnBXsVBjtsCHtdDHtZDHtwElt4F$ssFrsQFSr0G5rcGkqcGsp^iG$v%iGyu%fGyuxFtvwEUvvDiwhCiwTAiwRzMvQyevayjuxxotdx9sVwVqVwtpVw9obxYmtxKl6yQkMyVjOzmjQAPiiCPiJDPiCEkjwFQjaGFk%cGFk%cGed%zJed%zJ$v" /><g i="5" c="261" p="#" /><g i="6" c="262" p="#^sERw5ENxIDDykDuzMC7AcCNAnB9BzAyBnzyBOyyBayrByxlB3xbB%ixIyUxXy2zXyEzXy2AJytAvyJA9yZAQx4BpxcB$wcBDw%gw6j%Zz6j%4Dvs%7Dvs%dG6j%DJ6j" /><g i="7" c="263" p="%^Ox$vOx6j9B6j9B$v^OxMgOxzd9Bzd9BMg" /><g i="8" c="264" p="%^vF$vcBKp9BKp9B$vOx$vOxed9Bed9BfocBfocF6j9J6jlESoLJ$v" /><g i="9" c="265" p="#^PFioIFVm1F5mnEgl6DglGBglYA6meAXm6Aio%PFio^6ABqaAtrvA4sQAHskB4tQBttsCFt4DRtLDRtYERt1Gtt6H4t3Ixs%3Igv$GSvRF4wIEiwADiwnCiwbBZv$zEv1zTu4y5uuxPsVwwrVwApVweogx0nDxNlmyRk5zVjdAmjmBPiTCPiyEPiIFljTGSjCHRkmIQlHIhn0JJo0JBq" /><g i="10" c="266" p="#^nF_vTE8wdEdwADiwXCiwYAiwUzcvQy5uQy3s%Qyzl%lwzl%lw6j%Qy6j%Qyxg%bCsf%bC6j%9F6j%9Fzl%bCzl%bCArbCHsBCbt$CHtPDHt7EHtxECtXExthFmt%nF_v" /><g i="11" c="267" p="#^nFgmYE6mCE3mhE0mRD0mqC0mNBen9Bro9BEq%9B$v%Ox$v%Ox6j%MA6j%MA1m%QA1mUAulcBVkxBkk_BTjsCpj3D6jGDPilEPi2FPinFVi%nFgm" /><g i="12" c="268" p="#^eG3seG6tPFVtpFHuGEevYDMvXC1wWBiwJAiwJziwIy6wIxXv0xKv%dx_s2yotPyDtBzRtxARtpBRt3CstKC3tKCgsKCErhCjrRBZqcBLqAAxqPzlq2z8qpyKpNxkplxFoVw_nVwPmVwLlkx$kLxeksyLjazfj4A1j$APiYBPiVCPiQDYiLE4jCFhj%nFPlyEwlTDolcDglpCgllBglTAGlpA4mpAHmpAbnRAunhBMnVB_nyCbojDqo4EFoIE5plFwpNFdqeGVqeG3s" /><g i="13" c="269" p="#^eN$v%eN3oeNBnaN7n6NEmWMgmKMUllMFlYLqlkLqlCKql6KMlDJ5mkJHm2JgnWI2oPIPoPIHp%PI$v%sF$v%sF5osFznoF5nkFCm7FemWESlxEEl8EqlwDqlLCqlfCPlMBbmuBOmdBon7B8o1BUo1BCp%1B$v%Gx$v%Gx6j%OA6j%OAVk%RAVk3BxkqB9kOBNjhCujMCajmD$iZDPiJEPiyFPi9G$iNGbjdHwjGHQjZHekhIDkuI4lYI7k_Jtj1LPiuMPieNPiZN$iIObjiPKjUPhkeQflBQcmBQMn%BQ$v" /><g i="14" c="270" p="%^$N$v2K$vfH9mcH9msE$vDA$vgw6jPz6jGCDsJCDskF6jdJ6j1MDs4MDsLO6jYR6j" /><g i="15" c="271" p="#^cG$v%cG2pcGro8GPn5GanUFEmIF5mfFMlOEql0Eql8DqlACQl0CemGBSmlBuncBeo4BZo4BCp%4B$v%Jx$v%Jxed%4Bed%4BSk%7BSkEB3kGCrjJDPi9FPiiGPi8Hcj_HAjwIgk2JXkiJTlzJPmzJUn%zJ$v" /><g i="16" c="272" p="#^eF_fSEMfxEFfcEyfPDyf7DyfJC0gjCugjCxh%jC6j%eF6j%eFzl%jCzl%jC$v%Yy$v%Yyzl%twzl%tw6j%Yy6j%YymhYyeggzofAzye8A0eIAudsBddcCXc6DXcIDXclE0d$E4dvFcd" /><g i="17" c="273" p="#^nA$v%nAvs%TDvs%TD$v^VHJiVHtjEH7knHMkZGklAGUl4GqmBFXm9FtnyE8o5EToFDCpFDqq%FDUq%AAUqAAtp2BgowB2nHCSlwD1lTDpkfENjfE8jfEui_D2iJDBhiDkhUC3hoCYgUBRgoBRglARglz8hlyrhwxRh%ex2fbyNetzweMAeebCeeqDeesEwevFOefGnf0HXfsHNgVHChVHJi" /><g i="18" c="274" p="%^9G4p9G$vFC$vFC4pgwxenAxevESlIIxepMxe" /><g i="19" c="275" p="#^CGSvQF6wZEcw7EiwfDiwLBiwAAQvpzlvAysuLxztkxisVw1rVwspVw1okxQmLxClxyJkkzQjtAkjDBPi5DPiiEPi6FYiWF4jnGej%4GUlFFHl6FzlAEqlQDqlYCqljCLlGB3mfBDmQAbnCAXnpAHopAwppAkqBA5rOASrdBrsFB$siCltYCHtTDHtsEHt9FxtTFmtsG4t%CGSv" /><g i="20" c="276" p="#^UGwpUGHoJGXnzGbncGDmSF3mkFLlOEql6EqlnDqlPCMlfC5mSBGmtBengBZn4BIo4Bwp4B9qdBUqnBDrIBfs2CTsDChtcDHt4EHtVEHtrFht_FTsiGfsCGDrLGUqUG9qUGwp^oKtpoKMsXIxuvHiwYEiwcEiwED9w4D1wECOvcCzvQBevtBVu7Bwu%4Bwu%4BfB%JxfB%Jx6j%WA6j%WAWk%ZAWkHBLjJChjLDPiZEPilGPimHijnINj2JGkKJzl3KOmoK0ooKtp" /><g i="21" c="277" p="#^cGtpcGKo0G0oQFhnrFIm2F6muEMlWDql9DqlqCqlTBNllB8m0BJmIAhnyA1opAMopAwppAbqxAWqGAFr$AgskBTsSBhtoCHtdDHt4EHtEEhtdFSszFdsWFAr3GSqcG8qcGtp^cGfB%cGwu%8GwuvFjvEEPvODiwqCiwYAiwVzMvTyevbykuwxptcx9sVwVqVwtpVw1odxPmyxAldyIkVyPjWzjjYAPinCPi1FPiiGWk%mGWk%mG6j%zJ6j%zJfB" /><g i="22" c="278" p="#^cG$v%cG_ocGdo7Gzn2GUmOFqmyFXl6FHlGEqlZDql4DqlwCSlYBimEBYmkBBncBko4B3p4BEp%4B$v%Jx$v%Jx6j%UA6j%UASk%XASkdBskBB5kZBKjtCsjZC9jCD_igEPi7FPipHPiuIdkzJClzJYn%zJ$v" /><g i="23" c="279" p="#^UGwpUGVoLGcoDGunkGSm1GemuFQlYEql7EqlfDqlGCRl5CgmKBUmnBwndBdo4BVo4Bsp4BmqgB8rtBVrRBtsdC1tNCmtlDHt4EHtNEHtiFltQF$saGrsxGTrIG7rUGmqUGwp^oKtpoKPsWIzusHiw2FiwODiwNCTvMBrv0Bqu%ZAqu%ZA$v%Jx$v%Jxed%4Bed%4BLk%7BLkoBnkKB1k5CHjyCpj0D7jCDZidEPiZEPinGPioHjjpIPj3JJkKJCl3KRmoK3ooKtp" /><g i="24" c="280" p="#^cGmpcGxo0GPnRF5nvFzmaF1mDEKl5EqloDqlUBql8BzmpAHnpArppAbqAAUqMAAr7B8svBIs0C2tyCotfDotDEotpFmscGjrcGmp^zJMuzJ9wdJoxTIEy4IzziHuA_F0BHEyBLCyBtByBoAjBjz5BiyFA%zyOxWy$xozbySznynAyyUAKypBQyWBXylCXy$CXyLDLywEAy5F0yHFpxXFvwcGBvcGXt%8GXtAFWutEtvnD$v8C$vJA$vKztvLyXu6y3utxatbx_rVwNqVwtpVwjodx7nxxXlbyZkRy$jTzpjWAPinCPicDPiQD_isE9jVEsjnFKjIF6k2GukiGSk%mGSk%mG6j%zJ6j%zJMu" /><g i="25" c="281" p="%^Kx$vKxvseBvseB$v" /><g i="26" c="282" p="%^1y$v1yxekIxekIhhxBhhxBBlLHBlLHloxBloxBftnIftnI$v" /><g i="27" c="283" p="#^LD2qaC2q8Byq6A1r6Ads6AVsBAnt4BRtcCRtNCRtjDFtRDtthE1tNExs1FRrhF9rhF2q^AF$vwFBvuF9vsFJuqF3u%nF3ucFruQEQutEdvXDyvqDTvNC4w8CiwsBiwyAiwJz1wUyMvgyhvExOugx4uVwmtVwtsVw3rtxcq2ylpZySoVzmo4BcofC2oqD2o%hF2ohFumyETlQDglqCglyBglxAylwzQloyFm%iyNjbznjlA5jvBPiRCPiLFPi1H5kkInlkI9okIbpkIUpkIzqkI5rlICrmI2snItsnIXsoIEtqIhusIWuwI$v" /><g i="28" c="284" p="%^Kx$vKxvseBvseB$v^KxCmKx6jeB6jeBCm" /><g i="29" c="285" p="#^MI1rMIlsiIktQHjuZGZu6GCvUEYvGDiwaCiwVAiwUz6wUyXvJxCv%2yts8z1t6Ait5Byt$BytyCyt5DptFDgt5E_syEHsQEhs6FSr6Fjr6FtqxEZpZDsp7D4phCIogBlogA_nqzpnAyPm0yVlsx$ksxxjsx9iWx9hoy9gdzwf2ASe9ByehCeeyDeeFEeeIFoeLGxeKHSe%pHKhIGphMFchQE_gVD_g9D_gCCbh4CnhKBJhpB2ifBui6BWi6Bnj6B9kGBDkeC4l4DrlWDNlWE8mXFvmNG6nDHInbIEoMIzpMI1r" /><g i="30" c="286" p="#^NGMqNGDp_FWocFcohDco%xBco%xBft%$CftQEftOFHsNG7sNGMq^fGrjfGfisFMhGEhhaDhh%xBhh%xBBl%WCBlBDBlbEvlOEolfF8lJFUk_FukfG3kfGrj^hKVqhKgsPJetlJbuvIPuGHqvwGJvnF$v$D$v%1y$v%1yxe%ZDxe7Fxe9GLebHYe_HtfOIZfgJSgLJKhLJ2jLJAkOIBlRHCmgGVm%gGYm5H1nQHlnzIFn5JaoEJHoYJnphK3qhKVq" /><g i="31" c="287" p="%^IEhhIE$vcB$vcBhhbwhhbwxeIJxeIJhh" /><g i="32" c="288" p="%^GF$vOCbrUz$vdw$vEAepGw6jDA6j8DinDF6jaJ6jkFepGJ$v" /></glyphs></font><font id="10" name="Articulate Charset1 6pTIjbuabx7"><glyphs><g i="0" c="256" p="%^CFHoCF$v6D$v6DHogwxeczxepEmmuJxepMxe" /><g i="1" c="257" p="#^fGoofGKn3G5nTFsmtFYl3FsltE9lUDRk4DRk2CRkoBglLAHlnAhm$zSmQztnGz3oFzoo%fGoo^Fz8qFz4r_zSrkAEsUActtBMteC4u$CouTDoutEou3FguFF8uaGXtIGKt6HxtxHjtNH6t%NHrv1HNv2G1w4FiwJDiwdCiw$ATvOzrvXyBu4yKtCxrs9x8r9xpp9xXnAxKm0yxlPyIkDzSjJApjQBXiaDXiJEXiNFtjRG$jvHZkaIXlsIgnLIAoLI8q" /><g i="2" c="258" p="#^TEjsTEmtuE6u5ESutDmvRCRv1C3wdBiwmAiwqziwCy9wOx0wVwBv%1xutzxPtny6ubzou_zou0BouHBWtnCstnCAsnCeseCZr5CHrNBqruB9r_AUquACqMzfqez$pIyIpbyppMx0pmxCo5x4oRwxnRwPmRw$k1yZjezXirBXi5CXiRC5jBDejgErj%3EulNDllrDel6D6lLC1lpCXk5CUkNBRkzBRkCARkZzfllzEllzmmlz9nXzDnxA5oFBBorCXo0DipCDEp0E3qrEuqFE2rTEBrTEjs" /><g i="3" c="259" p="%^FI$vLAEhIAEhIA$vcy$vcyxeBBxeiJAsmJAsmJxeSLxeSL$v" /><g i="4" c="260" p="#^EHApEHHomHQn4HYmAGim4GElkFflAERkFDRkICRkYBfldBElIAimcAYmWzQnFzHoFzApFzrqUzir7A9sCARs5BxtRBZtCCouFDouGEouqFZtbGxtGGRs9H9soHjrEHsqEHAp^8KBp8K0rFJesbJrtjIlusHevgGMv4FiwFDiwaCiw_AMvOzdvXyju4yotCxas9xXq9xzp9x9oCxYm4yKlWyRkNzYjZAsjaCXiFDXi7FXikGsjxHYjmIRkcJKlGJZm8Kbo8KBp" /><g i="5" c="261" p="#^uLcnuL9mbLYkVKLjdKLiyJLhsI5hmHrgKFrgfErgaD0h6CAhoByiGAvjkAJk_zXl_zcn_zsoiAIpCAXqiBWr_BUs4DvtaE5uKF5ukH5uqIttxJQscKRrTKRqaLDpuLpouLcn^8Ogn8OlpxN1rXMJsPLTtIK1v9JGvCHiwIFiwVDiwmCIvQA5vIzXtAyNsYx5rkxppkxenkxjlUxFjsy$hxzPgDACfaCWeJDeeKFeeFHeedJUeNKyfSLKgYMWhyNBj8Ofl8Ogn" /><g i="6" c="262" p="%^DI$vSArnSA$vmy$vmyxeSAxeSAcmjIxeELxeqDNmhM$v" /></glyphs></font><font id="20" name="Arial Charset1 5oNQUriF78b"><glyphs><g i="0" c="880" p="%^2y$v2y5e7K5e7KcgqAcgqALlPILlPISnqASnqA$v" /><g i="1" c="881" p="%^FxDgFx5eSz5eSzDg^Fx$vFx1jSz1jSz$v" /><g i="2" c="882" p="#^Ex$v%Ex1j%Dz1j%DzSk2BKiLDKiWEKiVF9jUGzjnHfkSHXk3ITlbIumbI$n%bI$v%_F$v%_F6o_FMmJF5mtFqlPE1l9EEkhDEkTBEkSAxlRzqmRzVo%Rz$v" /><g i="3" c="883" p="#^4G$v%4GmuQEiwrCiwUAiwAzrvhyAuzx2tSwwrSwwpSwAnvx$l8ypkrzAjKAKikCKivDKipEejkFJjVFvk%VF5e%6I5e%6I$v^7zwp7z$raAftdBuuECuu5Euu5Fjt6G7s6GIp6G1n4FOl2EykyCyk4Byk5ALl7zXm7zwp" /><g i="4" c="886" p="#" /><g i="5" c="887" p="#^Sx$v%Sx5e%qB5e%EFLqeGxsvGptPGqssHxq%LL5e%XO5e%XO$v%FM$v%FM0h%rH$v%iF$v%8ALg%8A$v" /><g i="6" c="888" p="#^6GpuTErvLDTvDCiwkBiwbziw2yfvVwcuVwAsVwDrkxRqMx2qtyApaz5p2ARoHAGo$BvoFEcoWFMnXFjnXFbnXFRljFhltEykPCykgBykwA5lNzDlrz0n%hxJmzxkleyukVyEjaAbjsBKi7DKiNEKiPF7jSGvjlH5kQHHk0IBl8I9m8IDn%8Izq8IDthIruqIfvRI$v%yG$vcGjv6Gpu^WFupJEZpjCjqZAvqpALqSz$qyztrfzXrfzwsfzotVz_tAAAuSBAu7DAu6E0u5FstzFusWFLrWFhq" /><g i="7" c="889" p="#^sC1u%MCZvQBaw5BawUzawezOvAypvjyOu2yau2ybs%2yKk%qwKk%qw1j%2y1j%2yPf%fAve%fA1j%sC1j%sCKk%fAKk%fAjsfAgtmAxttAOtKAZt$A7uuB7uRB7usC1u" /><g i="8" c="895" p="#^6Gfr%gIyrVHMtrG1v_EiwTCiwcAiwByzu_wPs_wzp_wsnGxTlnyikNzwjcBKiTCKi$EKikGOjGHSk3IRm%WFanCFSlQEcl3EykZCykjBykhAKlfzWmfzvpfz6seAiteBuuRCuu8Euu$EHtTFUs6Gfr" /><g i="9" c="896" p="#^Ex$v%Ex5e%Rz5e%RzvknBKiJDKi9FKidGijhHSjKHSkcISlcIMn%cI$v%$F$v%$FMn$F7mhFnlzEDkgDDkhCDkqB7lzADlcAvmRzmnRzUo%Rz$v" /><g i="10" c="897" p="#^ex4x%nzoxwzny7AQyXAszmCszTDszIEQyxFdyQF7x$Frw_FiuyE$vpC$vKz$vgy3uOw7sOwrpOwAntx0m8yrkpzBjHAKipCKiIEKibGBk%bG1j%dI1j%dIeudIgxBHxy_GOzEFxAjEgBmCgB2AgBCydAbxazex4x^3zhp3zQr4A0t5BbuCCbu7Ebu8F0taGRraGlpaGZm6FMl3EykACyk6Byk4AKl3zWm3zhp" /><g i="11" c="898" p="#^Wx$v%Wx5e%FE5erG5eoHfeIIueBJ5fuKIf1LQgALXhALgjALyl7K8nGIJoTEJo%iAJo%iA$v^iACm%VECmcHCmaILl8JUk8Jlj8JdizIqh$HCg4HmgtGcgSEcg%iAcg" /><g i="12" c="899" p="#^Dx$v%Dx1j%Cz1j%Cz_kmACj$AajEBKipCKiwDKiGErj%UDtl5D$kiC$kAB$k$ArlrASlbADmQzOnQzcp%Qz$v" /><g i="13" c="907" p="#^Mw7s%XyNr6z4tXzNtNAuuiCuuPDuuyETthFfthFqshFGrDEfraEYqnCvqYzUp0zsp4y$oBxdo7xqn7xtm7xBlwxSkVx7kByDj6zfj$z$iUAKiVBKirDKiBEajLFCjiGmkRG6l3Hnm%VEGmLEFl2E6llDyk3CykyAykUz2lfzylfzcmfzEmwz_mNzknmAznHAHniC7oEELozF9puGyp0HjqyH3ryHbsyHhtUGfufGdv1FMvQDiwjCiwNziwsyfv7xbuMw7s" /></glyphs></font></bwFonts>