<?xml version="1.0" encoding="utf-8"?><bwFrame xmlns:xsi="http://www.w3.org/2001/XMLSchema-instance" xmlns:xsd="http://www.w3.org/2001/XMLSchema" default_layout="npnxnsnfns0000000001" textdirection="ltr" device="false" fontscale="100" kbshortcuts="false" skip_nav_enabled="true" outputtype="undefined"><layouts><layout name="npnxsnfns0000000001" font="Articulate" controllayout="npnxsnfns0000000001" colorscheme="npnxnsnfns0000000001" string_table="npnxnsnfns0000000001" /><layout name="pxnsnfns0000000001" font="Articulate" controllayout="pxnsnfns0000000001" colorscheme="npnxnsnfns0000000001" string_table="npnxnsnfns0000000001" /><layout name="npxnsnfns0000000001" font="Articulate" controllayout="npxnsnfns0000000001" colorscheme="npnxnsnfns0000000001" string_table="npnxnsnfns0000000001" /><layout name="npnxnsnfns0000000001" font="Articulate" controllayout="npnxnsnfns0000000001" colorscheme="npnxnsnfns0000000001" string_table="npnxnsnfns0000000001" /><layout name="pxnsnfns0000000000" font="Articulate" controllayout="pxnsnfns0000000000" colorscheme="npnxnsnfns0000000001" string_table="npnxnsnfns0000000001" /></layouts><control_options><optiongroups><optiongroup name="sidebaroptions"><options><option name="title_enabled" value="false"><options><option name="title_text" value="Fotball Memory Game" /></options></option><option name="logo_enabled" value="false"><options><option name="logo_url" /></options></option><option name="sidebar_enabled" value="false"><options><option name="sidebarpos" value="left" /></options></option><optionlist name="tabs"><listitems><listitem name="resources" value="false" group="linkright" /><listitem name="outline" value="false" group="sidebar" /><listitem name="glossary" value="false" group="sidebar" /><listitem name="transcript" value="false" group="sidebar" /></listitems></optionlist><option name="time_enabled" value="false"><options><option name="time_format" value="" /></options></option><option name="video_enabled" value="false"><options><option name="height" value="135" /></options></option></options></optiongroup><optiongroup name="menuoptions"><options><option name="flow" value="free" /><option name="wraplistitems" value="false" /><option name="tooltips" value="true" /><option name="autocollapse" value="true" /><option name="autonumber" value="false" /><option name="enableresultsicons" value="false" /></options></optiongroup><optiongroup name="controls"><options><option name="volume" value="false" /><option name="seekbar" value="false"><options><option name="readonly" value="false" /></options></option><option name="search" value="false" /></options></optiongroup><optiongroup name="bottombaroptions"><options><option name="bottombar_enabled" value="false" /></options></optiongroup></optiongroups></control_options><control_layouts><control_layout name="npnxsnfns0000000001"><control name="volume" enabled="false" /><control name="seekbar" enabled="false" /><control name="replay" enabled="false" /><control name="pauseplay" enabled="false" /><control name="logo" enabled="true" /><control name="previous" enabled="false" /><control name="next" enabled="false" /><control name="submit" enabled="true" /><control name="finish" enabled="false" /><control name="submitall" enabled="false" /><control name="resources" enabled="false" /><control name="glossary" enabled="false" /><control name="transcript" enabled="false" /><control name="outline" enabled="false"><controls><control name="search" enabled="false" /></controls></control><control name="close_btn" enabled="true" /></control_layout><control_layout name="pxnsnfns0000000001"><control name="volume" enabled="false" /><control name="seekbar" enabled="false" /><control name="replay" enabled="false" /><control name="pauseplay" enabled="false" /><control name="logo" enabled="true" /><control name="previous" enabled="true" /><control name="next" enabled="true" /><control name="submit" enabled="false" /><control name="finish" enabled="false" /><control name="submitall" enabled="false" /><control name="resources" enabled="false" /><control name="glossary" enabled="false" /><control name="transcript" enabled="false" /><control name="outline" enabled="false"><controls><control name="search" enabled="false" /></controls></control><control name="close_btn" enabled="true" /></control_layout><control_layout name="npxnsnfns0000000001"><control name="volume" enabled="false" /><control name="seekbar" enabled="false" /><control name="replay" enabled="false" /><control name="pauseplay" enabled="false" /><control name="logo" enabled="true" /><control name="previous" enabled="false" /><control name="next" enabled="true" /><control name="submit" enabled="false" /><control name="finish" enabled="false" /><control name="submitall" enabled="false" /><control name="resources" enabled="false" /><control name="glossary" enabled="false" /><control name="transcript" enabled="false" /><control name="outline" enabled="false"><controls><control name="search" enabled="false" /></controls></control><control name="close_btn" enabled="true" /></control_layout><control_layout name="npnxnsnfns0000000001"><control name="volume" enabled="false" /><control name="seekbar" enabled="false" /><control name="replay" enabled="false" /><control name="pauseplay" enabled="false" /><control name="logo" enabled="true" /><control name="previous" enabled="false" /><control name="next" enabled="false" /><control name="submit" enabled="false" /><control name="finish" enabled="false" /><control name="submitall" enabled="false" /><control name="resources" enabled="false" /><control name="glossary" enabled="false" /><control name="transcript" enabled="false" /><control name="outline" enabled="false"><controls><control name="search" enabled="false" /></controls></control><control name="close_btn" enabled="true" /></control_layout><control_layout name="pxnsnfns0000000000"><control name="volume" enabled="false" /><control name="seekbar" enabled="false" /><control name="replay" enabled="false" /><control name="pauseplay" enabled="false" /><control name="logo" enabled="true" /><control name="previous" enabled="true" /><control name="next" enabled="true" /><control name="submit" enabled="false" /><control name="finish" enabled="false" /><control name="submitall" enabled="false" /><control name="resources" enabled="false" /><control name="glossary" enabled="false" /><control name="transcript" enabled="false" /><control name="outline" enabled="false"><controls><control name="search" enabled="false" /></controls></control><control name="close_btn" enabled="false" /></control_layout></control_layouts><colorschemes><colorscheme name="npnxnsnfns0000000001"><color_group name="timer"><group_colors><color name="duration"><fill type="linear" rotation="90"><colors><color rgb="0x00D7FF" alpha="100" stop="0" /><color rgb="0x00ABFF" alpha="100" stop="255" /></colors></fill></color><color name="elapsed"><fill type="linear" rotation="90"><colors><color rgb="0xFEE347" alpha="100" stop="0" /><color rgb="0xFCCC2A" alpha="100" stop="255" /></colors></fill></color><color name="stroke"><fill type="linear" rotation="90"><colors><color rgb="0xFFFFFF" alpha="100" stop="0" /></colors></fill></color><color name="inner"><fill type="linear" rotation="90"><colors><color rgb="0xCCCCCC" alpha="100" stop="0" /></colors></fill></color><color name="text"><fill type="linear" rotation="90"><colors><color rgb="0xFFFFFF" alpha="100" stop="0" /></colors></fill></color></group_colors></color_group><color_group name="window"><group_colors><color name="text"><fill type="linear" rotation="90"><colors><color rgb="0xFFFFFF" alpha="100" stop="0" /></colors></fill></color><color name="inner"><fill type="linear" rotation="90"><colors><color rgb="0x1D1D1D" alpha="100" stop="0" /><color rgb="0x0B0B0B" alpha="100" stop="255" /></colors></fill></color><color name="bg"><fill type="linear" rotation="90"><colors><color rgb="0x2A2A2A" alpha="100" stop="0" /></colors></fill></color><color name="diva"><fill type="linear" rotation="90"><colors><color rgb="0x313131" alpha="100" stop="0" /></colors></fill></color><color name="divb"><fill type="linear" rotation="90"><colors><color rgb="0x0E0E0E" alpha="100" stop="0" /></colors></fill></color><color name="shadow"><fill type="linear" rotation="90"><colors><color rgb="0x000000" alpha="20" stop="0" /></colors></fill></color></group_colors></color_group><color_group name="editor"><group_colors><color name="slide_text"><fill type="linear" rotation="90"><colors><color rgb="0xFFFFFF" alpha="100" stop="0" /></colors></fill></color><color name="html_text"><fill type="linear" rotation="90"><colors><color rgb="0xFFFFFF" alpha="100" stop="0" /></colors></fill></color><color name="btn_text_shadow"><fill type="linear" rotation="90"><colors><color rgb="0x000000" alpha="100" stop="0" /></colors></fill></color><color name="btn_text"><fill type="linear" rotation="90"><colors><color rgb="0xFFFFFF" alpha="100" stop="0" /></colors></fill></color><color name="btn_border"><fill type="linear" rotation="90"><colors><color rgb="0x030303" alpha="100" stop="0" /></colors></fill></color><color name="btn_hover"><fill type="linear" rotation="90"><colors><color rgb="0x3A3A3A" alpha="100" stop="0" /><color rgb="0x0C0C0C" alpha="100" stop="255" /></colors></fill></color><color name="btn_down"><fill type="linear" rotation="90"><colors><color rgb="0x141414" alpha="100" stop="0" /><color rgb="0x323232" alpha="100" stop="255" /></colors></fill></color><color name="btn_bg"><fill type="linear" rotation="90"><colors><color rgb="0x333333" alpha="100" stop="0" /><color rgb="0x141414" alpha="100" stop="255" /></colors></fill></color></group_colors></color_group><color_group name="listitem"><group_colors><color name="selected_text"><fill type="linear" rotation="90"><colors><color rgb="0xFFFFFF" alpha="100" stop="0" /></colors></fill></color><color name="shadow"><fill type="linear" rotation="90"><colors><color rgb="0x000000" alpha="100" stop="0" /></colors></fill></color><color name="selected"><fill type="linear" rotation="90"><colors><color rgb="0x3F3F3F" alpha="100" stop="0" /></colors></fill></color><color name="text"><fill type="linear" rotation="90"><colors><color rgb="0xFFFFFF" alpha="100" stop="0" /></colors></fill></color><color name="viewed"><fill type="linear" rotation="90"><colors><color rgb="0x878787" alpha="100" stop="0" /></colors></fill></color><color name="hover"><fill type="linear" rotation="90"><colors><color rgb="0x313131" alpha="100" stop="0" /></colors></fill></color><color name="lines"><fill type="linear" rotation="90"><colors><color rgb="0x343434" alpha="100" stop="0" /></colors></fill></color></group_colors></color_group><color_group name="glossary"><group_colors><color name="selected_text"><fill type="linear" rotation="90"><colors><color rgb="0xFFFFFF" alpha="100" stop="0" /></colors></fill></color><color name="selected"><fill type="linear" rotation="90"><colors><color rgb="0x3F3F3F" alpha="100" stop="0" /></colors></fill></color><color name="text"><fill type="linear" rotation="90"><colors><color rgb="0xFFFFFF" alpha="100" stop="0" /></colors></fill></color><color name="hover"><fill type="linear" rotation="90"><colors><color rgb="0x1C1C1C" alpha="100" stop="0" /></colors></fill></color><color name="heading_text"><fill type="linear" rotation="90"><colors><color rgb="0xFFFFFF" alpha="100" stop="0" /></colors></fill></color><color name="diva"><fill type="linear" rotation="90"><colors><color rgb="0x3D3D3D" alpha="100" stop="0" /></colors></fill></color><color name="divb"><fill type="linear" rotation="90"><colors><color rgb="0x202020" alpha="100" stop="0" /></colors></fill></color><color name="divc"><fill type="linear" rotation="90"><colors><color rgb="0x3D3D3D" alpha="100" stop="0" /></colors></fill></color><color name="bg"><fill type="linear" rotation="90"><colors><color rgb="0x333333" alpha="100" stop="0" /></colors></fill></color></group_colors></color_group><color_group name="resource"><group_colors><color name="separator"><fill type="linear" rotation="90"><colors><color rgb="0x2C2C2C" alpha="100" stop="0" /></colors></fill></color></group_colors></color_group><color_group name="outline"><group_colors><color name="search_hover"><fill type="linear" rotation="90"><colors><color rgb="0x757575" alpha="100" stop="0" /></colors></fill></color><color name="search_text"><fill type="linear" rotation="90"><colors><color rgb="0xFFFFFF" alpha="100" stop="0" /></colors></fill></color><color name="icon_color"><fill type="linear" rotation="90"><colors><color rgb="0xFFFFFF" alpha="100" stop="0" /></colors></fill></color><color name="divc"><fill type="linear" rotation="90"><colors><color rgb="0x343434" alpha="100" stop="0" /></colors></fill></color><color name="divb"><fill type="linear" rotation="90"><colors><color rgb="0x363636" alpha="100" stop="0" /></colors></fill></color><color name="diva"><fill type="linear" rotation="90"><colors><color rgb="0x1C1C1C" alpha="100" stop="0" /></colors></fill></color></group_colors></color_group><color_group name="transcript"><group_colors><color name="heading_text"><fill type="linear" rotation="90"><colors><color rgb="0xFFFFFF" alpha="100" stop="0" /></colors></fill></color><color name="div"><fill type="linear" rotation="90"><colors><color rgb="0x2C2C2C" alpha="100" stop="0" /></colors></fill></color></group_colors></color_group><color_group name="tabs"><group_colors><color name="shadow"><fill type="linear" rotation="90"><colors><color rgb="0x000000" alpha="100" stop="0" /></colors></fill></color><color name="hover"><fill type="linear" rotation="90"><colors><color rgb="0x525454" alpha="100" stop="0" /></colors></fill></color><color name="selected"><fill type="linear" rotation="90"><colors><color rgb="0xFFFFFF" alpha="100" stop="0" /></colors></fill></color><color name="text"><fill type="linear" rotation="90"><colors><color rgb="0x727272" alpha="100" stop="0" /></colors></fill></color><color name="bg"><fill type="linear" rotation="90"><colors><color rgb="0x242424" alpha="100" stop="0" /></colors></fill></color></group_colors></color_group><color_group name="seekcontrol"><group_colors><color name="btn_icon_hover"><fill type="linear" rotation="90"><colors><color rgb="0xFFFFFF" alpha="100" stop="0" /></colors></fill></color><color name="btn_icon_shadow"><fill type="linear" rotation="90"><colors><color rgb="0x000000" alpha="100" stop="0" /></colors></fill></color><color name="btn_icon_color"><fill type="linear" rotation="90"><colors><color rgb="0xFFFFFF" alpha="100" stop="0" /></colors></fill></color><color name="seek_position"><fill type="linear" rotation="90"><colors><color rgb="0xFFFFFF" alpha="100" stop="0" /></colors></fill></color><color name="seek_bg"><fill type="linear" rotation="90"><colors><color rgb="0x222222" alpha="100" stop="0" /></colors></fill></color><color name="text_color"><fill type="linear" rotation="90"><colors><color rgb="0x2D2D2D" alpha="100" stop="0" /></colors></fill></color><color name="seek_border"><fill type="linear" rotation="90"><colors><color rgb="0x1A1A1A" alpha="100" stop="0" /><color rgb="0x313131" alpha="100" stop="255" /></colors></fill></color><color name="border"><fill type="linear" rotation="90"><colors><color rgb="0x030303" alpha="100" stop="0" /></colors></fill></color><color name="bg"><fill type="linear" rotation="90"><colors><color rgb="0x333333" alpha="100" stop="0" /><color rgb="0x141414" alpha="100" stop="255" /></colors></fill></color></group_colors></color_group><color_group name="searchinput"><group_colors><color name="text_active"><fill type="linear" rotation="90"><colors><color rgb="0x2D2D2D" alpha="100" stop="0" /></colors></fill></color><color name="bg_active"><fill type="linear" rotation="90"><colors><color rgb="0xFFFFFF" alpha="100" stop="0" /></colors></fill></color><color name="search_text"><fill type="linear" rotation="90"><colors><color rgb="0x2D2D2D" alpha="100" stop="0" /></colors></fill></color><color name="hover_glow"><fill type="linear" rotation="90"><colors><color rgb="0xEB9471" alpha="0" stop="0" /></colors></fill></color><color name="button_hover"><fill type="linear" rotation="90"><colors><color rgb="0x3A3A3A" alpha="100" stop="0" /><color rgb="0x0C0C0C" alpha="100" stop="255" /></colors></fill></color><color name="icon"><fill type="linear" rotation="90"><colors><color rgb="0xFFFFFF" alpha="100" stop="0" /></colors></fill></color><color name="border"><fill type="linear" rotation="90"><colors><color rgb="0x202020" alpha="100" stop="0" /><color rgb="0x161616" alpha="100" stop="255" /></colors></fill></color><color name="bg"><fill type="linear" rotation="90"><colors><color rgb="0xFFFFFF" alpha="100" stop="0" /></colors></fill></color></group_colors></color_group><color_group name="scrollarea"><group_colors><color name="detailb"><fill type="linear" rotation="90"><colors><color rgb="0x1C1C1C" alpha="100" stop="0" /></colors></fill></color><color name="detaila"><fill type="linear" rotation="90"><colors><color rgb="0x595959" alpha="100" stop="0" /></colors></fill></color><color name="shadow"><fill type="linear" rotation="90"><colors><color rgb="0x1C1C1C" alpha="100" stop="0" /></colors></fill></color><color name="icons"><fill type="linear" rotation="90"><colors><color rgb="0xFFFFFF" alpha="100" stop="0" /></colors></fill></color><color name="button_border"><fill type="linear" rotation="90"><colors><color rgb="0x1C1C1C" alpha="100" stop="0" /></colors></fill></color><color name="button_inner"><fill type="linear" rotation="90"><colors><color rgb="0x5A5A5A" alpha="100" stop="0" /><color rgb="0x4A4A4A" alpha="100" stop="255" /></colors></fill></color><color name="button_bg"><fill type="linear" rotation="90"><colors><color rgb="0x4B4B4B" alpha="100" stop="0" /><color rgb="0x3C3C3C" alpha="100" stop="255" /></colors></fill></color><color name="border"><fill type="linear" rotation="90"><colors><color rgb="0x494949" alpha="100" stop="0" /><color rgb="0x494949" alpha="100" stop="255" /></colors></fill></color><color name="bg"><fill type="linear" rotation="0"><colors><color rgb="0x313131" alpha="100" stop="0" /><color rgb="0x363636" alpha="100" stop="128" /></colors></fill></color></group_colors></color_group><color_group name="menu"><group_colors><color name="shadow"><fill type="linear" rotation="90"><colors><color rgb="0x0E0E0E" alpha="100" stop="0" /></colors></fill></color><color name="bg"><fill type="linear" rotation="90"><colors><color rgb="0x242424" alpha="100" stop="0" /></colors></fill></color></group_colors></color_group><color_group name="logo"><group_colors><color name="shadow"><fill type="linear" rotation="90"><colors><color rgb="0x000000" alpha="100" stop="0" /></colors></fill></color><color name="bg"><fill type="linear" rotation="90"><colors><color rgb="0xFFFFFF" alpha="100" stop="0" /></colors></fill></color></group_colors></color_group><color_group name="checkbox"><group_colors><color name="hover"><fill type="linear" rotation="90"><colors><color rgb="0x9C9C9C" alpha="100" stop="0" /></colors></fill></color><color name="text"><fill type="linear" rotation="90"><colors><color rgb="0xFFFFFF" alpha="100" stop="0" /></colors></fill></color><color name="check"><fill type="linear" rotation="90"><colors><color rgb="0x2BC400" alpha="100" stop="0" /></colors></fill></color><color name="bg"><fill type="linear" rotation="90"><colors><color rgb="0xFFFFFF" alpha="100" stop="0" /></colors></fill></color><color name="border"><fill type="linear" rotation="90"><colors><color rgb="0x161616" alpha="100" stop="0" /></colors></fill></color></group_colors></color_group><color_group name="button"><group_colors><color name="btn_icon_color"><fill type="linear" rotation="90"><colors><color rgb="0xFFFFFF" alpha="100" stop="0" /></colors></fill></color><color name="btn_text_shadow"><fill type="linear" rotation="90"><colors><color rgb="0x000000" alpha="100" stop="0" /></colors></fill></color><color name="btn_text"><fill type="linear" rotation="90"><colors><color rgb="0xFFFFFF" alpha="100" stop="0" /></colors></fill></color><color name="btn_border"><fill type="linear" rotation="90"><colors><color rgb="0x030303" alpha="100" stop="0" /></colors></fill></color><color name="btn_hover"><fill type="linear" rotation="90"><colors><color rgb="0x3A3A3A" alpha="100" stop="0" /><color rgb="0x0C0C0C" alpha="100" stop="255" /></colors></fill></color><color name="btn_down"><fill type="linear" rotation="90"><colors><color rgb="0x141414" alpha="100" stop="0" /><color rgb="0x323232" alpha="100" stop="255" /></colors></fill></color><color name="btn_bg"><fill type="linear" rotation="90"><colors><color rgb="0x333333" alpha="100" stop="0" /><color rgb="0x141414" alpha="100" stop="255" /></colors></fill></color><color name="btn_glow"><fill type="linear" rotation="90"><colors><color rgb="0x252525" alpha="100" stop="0" /></colors></fill></color></group_colors></color_group><color_group name="base"><group_colors><color name="text"><fill type="linear" rotation="90"><colors><color rgb="0xFFFFFF" alpha="100" stop="0" /></colors></fill></color><color name="diva"><fill type="linear" rotation="90"><colors><color rgb="0xFFFFFF" alpha="100" stop="0" /></colors></fill></color><color name="divb"><fill type="linear" rotation="90"><colors><color rgb="0xFFFFFF" alpha="100" stop="0" /></colors></fill></color><color name="menu_shade"><fill type="linear" rotation="90"><colors><color rgb="0xFFFFFF" alpha="100" stop="0" /><color rgb="0xFFFFFF" alpha="100" stop="255" /></colors></fill></color><color name="border"><fill type="linear" rotation="90"><colors><color rgb="0xFFFFFF" alpha="100" stop="0" /><color rgb="0xFFFFFF" alpha="100" stop="255" /></colors></fill></color><color name="bg"><fill type="linear" rotation="90"><colors><color rgb="0xFFFFFF" alpha="100" stop="0" /><color rgb="0xFFFFFF" alpha="100" stop="255" /></colors></fill></color><color name="slide_bg"><fill type="linear" rotation="90"><colors><color rgb="0xFFFFFF" alpha="100" stop="0" /><color rgb="0xFFFFFF" alpha="100" stop="255" /></colors></fill></color></group_colors></color_group><color_group name="volume"><group_colors><color name="thumb_border"><fill type="linear" rotation="90"><colors><color rgb="0x1C1C1C" alpha="100" stop="0" /></colors></fill></color><color name="thumb_inner"><fill type="linear" rotation="90"><colors><color rgb="0x5A5A5A" alpha="100" stop="0" /></colors></fill></color><color name="thumb_bg"><fill type="linear" rotation="90"><colors><color rgb="0x4C4C4C" alpha="100" stop="0" /></colors></fill></color><color name="slider_border"><fill type="linear" rotation="90"><colors><color rgb="0x494949" alpha="100" stop="0" /></colors></fill></color><color name="slider_bg"><fill type="linear" rotation="90"><colors><color rgb="0x313131" alpha="100" stop="0" /></colors></fill></color></group_colors></color_group></colorscheme></colorschemes><string_tables><string_table name="npnxnsnfns0000000001"><string id="prev">PREV</string><string id="next">NEXT</string><string id="submit">SUBMIT</string><string id="outline">Menu</string><string id="resources">Resources</string><string id="glossary">Glossary</string><string id="transcript">Notes</string><string id="clear">Clear and return to Menu</string><string id="search_results">Search Results</string><string id="filter">Filter</string><string id="slide_text_chk">Slide Text</string><string id="transcript_chk">Notes</string><string id="search_in">Search in:</string><string id="check_include">Check to include</string><string id="search">Search...</string><string id="terms">Terms</string><string id="definition">Definition</string><string id="finish">FINISH</string><string id="acc_finish">finish</string><string id="acc_definition">definition</string><string id="acc_resources">resources</string><string id="acc_search_input">search</string><string id="acc_pause">pause</string><string id="acc_play">play</string><string id="acc_replay">replay</string><string id="acc_submit">submit</string><string id="acc_next">next</string><string id="acc_previous">previous</string><string id="acc_volume">volume</string><string id="acc_skipnavigation">Skip Navigation. Hit enter to return to the slide.</string><string id="submitall">SUBMIT ALL</string><string id="acc_submitall">submit all</string><string id="question_list">Question List</string><string id="more_info">More info</string><string id="send_an_email">Send an email</string><string id="close">Close</string><string id="bio">Bio</string><string id="exit">Exit</string></string_table></string_tables><sounds enabled="false" /><nav_data><outline /></nav_data><resource_data description="" /><transcript_data /><glossary_data /></bwFrame>